{"max": 7995, "min": 2001, "avg": 4979.569051580699, "sum": 8978163, "der": 1740.4051960614931, "count": 1803}