{"total_count": 107, "O7N": {"freq": 0.009345794392523364, "count": 1}, "E2B": {"freq": 0.009345794392523364, "count": 1}, "O2X": {"freq": 0.009345794392523364, "count": 1}, "X2W": {"freq": 0.009345794392523364, "count": 1}, "T6B": {"freq": 0.009345794392523364, "count": 1}, "C1L": {"freq": 0.009345794392523364, "count": 1}, "E8Q": {"freq": 0.009345794392523364, "count": 1}, "Z0S": {"freq": 0.009345794392523364, "count": 1}, "D7H": {"freq": 0.009345794392523364, "count": 1}, "J9J": {"freq": 0.009345794392523364, "count": 1}, "P9T": {"freq": 0.009345794392523364, "count": 1}, "F8Z": {"freq": 0.009345794392523364, "count": 1}, "K1E": {"freq": 0.009345794392523364, "count": 1}, "H4Q": {"freq": 0.009345794392523364, "count": 1}, "S9P": {"freq": 0.009345794392523364, "count": 1}, "B8C": {"freq": 0.009345794392523364, "count": 1}, "E5E": {"freq": 0.009345794392523364, "count": 1}, "Q4A": {"freq": 0.009345794392523364, "count": 1}, "W1G": {"freq": 0.009345794392523364, "count": 1}, "Y9Z": {"freq": 0.009345794392523364, "count": 1}, "U6F": {"freq": 0.009345794392523364, "count": 1}, "Z0E": {"freq": 0.009345794392523364, "count": 1}, "C3T": {"freq": 0.009345794392523364, "count": 1}, "F7C": {"freq": 0.009345794392523364, "count": 1}, "O3V": {"freq": 0.009345794392523364, "count": 1}, "Y0D": {"freq": 0.009345794392523364, "count": 1}, "K3V": {"freq": 0.009345794392523364, "count": 1}, "J0Y": {"freq": 0.009345794392523364, "count": 1}, "D3U": {"freq": 0.009345794392523364, "count": 1}, "K1S": {"freq": 0.009345794392523364, "count": 1}, "M3K": {"freq": 0.009345794392523364, "count": 1}, "Y2C": {"freq": 0.009345794392523364, "count": 1}, "Q3X": {"freq": 0.009345794392523364, "count": 1}, "V6D": {"freq": 0.009345794392523364, "count": 1}, "B4K": {"freq": 0.009345794392523364, "count": 1}, "U4X": {"freq": 0.009345794392523364, "count": 1}, "H5A": {"freq": 0.009345794392523364, "count": 1}, "W3Y": {"freq": 0.009345794392523364, "count": 1}, "K7K": {"freq": 0.009345794392523364, "count": 1}, "I9T": {"freq": 0.009345794392523364, "count": 1}, "E0J": {"freq": 0.009345794392523364, "count": 1}, "L3I": {"freq": 0.009345794392523364, "count": 1}, "G5J": {"freq": 0.009345794392523364, "count": 1}, "N9I": {"freq": 0.009345794392523364, "count": 1}, "N4C": {"freq": 0.009345794392523364, "count": 1}, "K3I": {"freq": 0.009345794392523364, "count": 1}, "O9Y": {"freq": 0.009345794392523364, "count": 1}, "P1Y": {"freq": 0.009345794392523364, "count": 1}, "X3G": {"freq": 0.009345794392523364, "count": 1}, "R4J": {"freq": 0.009345794392523364, "count": 1}, "N2O": {"freq": 0.009345794392523364, "count": 1}, "J2S": {"freq": 0.009345794392523364, "count": 1}, "H6W": {"freq": 0.009345794392523364, "count": 1}, "T6D": {"freq": 0.009345794392523364, "count": 1}, "E8U": {"freq": 0.009345794392523364, "count": 1}, "O1B": {"freq": 0.009345794392523364, "count": 1}, "E2F": {"freq": 0.009345794392523364, "count": 1}, "T3F": {"freq": 0.009345794392523364, "count": 1}, "I8C": {"freq": 0.009345794392523364, "count": 1}, "P2N": {"freq": 0.009345794392523364, "count": 1}, "H1E": {"freq": 0.009345794392523364, "count": 1}, "S4L": {"freq": 0.009345794392523364, "count": 1}, "A8Z": {"freq": 0.009345794392523364, "count": 1}, "A7H": {"freq": 0.009345794392523364, "count": 1}, "X5E": {"freq": 0.009345794392523364, "count": 1}, "N2R": {"freq": 0.009345794392523364, "count": 1}, "L5Q": {"freq": 0.009345794392523364, "count": 1}, "K8U": {"freq": 0.009345794392523364, "count": 1}, "M6J": {"freq": 0.009345794392523364, "count": 1}, "C8V": {"freq": 0.009345794392523364, "count": 1}, "I1P": {"freq": 0.009345794392523364, "count": 1}, "C0L": {"freq": 0.009345794392523364, "count": 1}, "P0B": {"freq": 0.009345794392523364, "count": 1}, "P6L": {"freq": 0.009345794392523364, "count": 1}, "N6I": {"freq": 0.009345794392523364, "count": 1}, "Q1N": {"freq": 0.009345794392523364, "count": 1}, "W2G": {"freq": 0.009345794392523364, "count": 1}, "E6R": {"freq": 0.009345794392523364, "count": 1}, "J0J": {"freq": 0.009345794392523364, "count": 1}, "M2K": {"freq": 0.009345794392523364, "count": 1}, "P1J": {"freq": 0.009345794392523364, "count": 1}, "F1I": {"freq": 0.009345794392523364, "count": 1}, "R4A": {"freq": 0.009345794392523364, "count": 1}, "E3T": {"freq": 0.009345794392523364, "count": 1}, "B8S": {"freq": 0.009345794392523364, "count": 1}, "J8C": {"freq": 0.009345794392523364, "count": 1}, "Q1Y": {"freq": 0.009345794392523364, "count": 1}, "A8E": {"freq": 0.009345794392523364, "count": 1}, "H4T": {"freq": 0.009345794392523364, "count": 1}, "E5U": {"freq": 0.009345794392523364, "count": 1}, "G3B": {"freq": 0.009345794392523364, "count": 1}, "Z5D": {"freq": 0.009345794392523364, "count": 1}, "S7U": {"freq": 0.009345794392523364, "count": 1}, "M0V": {"freq": 0.009345794392523364, "count": 1}, "E1H": {"freq": 0.009345794392523364, "count": 1}, "L2N": {"freq": 0.009345794392523364, "count": 1}, "J6Q": {"freq": 0.009345794392523364, "count": 1}, "D5Y": {"freq": 0.009345794392523364, "count": 1}, "J3F": {"freq": 0.009345794392523364, "count": 1}, "Q1G": {"freq": 0.009345794392523364, "count": 1}, "W8E": {"freq": 0.009345794392523364, "count": 1}, "A9U": {"freq": 0.009345794392523364, "count": 1}, "H9W": {"freq": 0.009345794392523364, "count": 1}, "J1I": {"freq": 0.009345794392523364, "count": 1}, "Z1Q": {"freq": 0.009345794392523364, "count": 1}, "K2H": {"freq": 0.009345794392523364, "count": 1}, "B8W": {"freq": 0.009345794392523364, "count": 1}}