{"max": 5.95, "min": 0.06, "avg": 2.7379439252336457, "sum": 292.9600000000001, "der": 1.726773487192585, "count": 107}