{"sum": 5768285.0, "avr": 286.9936315239564, "sumMD": 30672.0, "avrMD": 303.6831683168317, "sumSD": 28376.0, "avrSD": 0.0, "max": 568.0, "min": 6.0}