{"max": 4978.0, "min": 75.0, "avg": 2713.9193548387098, "sum": 168263.0, "der": 1527.4161220123292, "count": 62}