{"List Year": {"max": 2022, "min": 2001, "avg": 2011.218146767393, "sum": 551892338, "der": 6.773610371827377, "count": 274407}, "Town": {"count": 274407, "Avon": {"freq": 0.0071463191536659055, "count": 1961}, "Beacon Falls": {"freq": 0.0017856687329404863, "count": 490}, "Branford": {"freq": 0.009128775869420241, "count": 2505}, "Bethel": {"freq": 0.005706851501601636, "count": 1566}, "Bristol": {"freq": 0.016858170527719773, "count": 4626}, "Bridgeport": {"freq": 0.034867915177090966, "count": 9568}, "Brookfield": {"freq": 0.005284121760742255, "count": 1450}, "Cornwall": {"freq": 0.0005502775074979866, "count": 151}, "Chester": {"freq": 0.0010531801302444909, "count": 289}, "Coventry": {"freq": 0.004216364742881924, "count": 1157}, "Danbury": {"freq": 0.020101528022244332, "count": 5516}, "East Lyme": {"freq": 0.0062607732310035824, "count": 1718}, "East Haddam": {"freq": 0.0032214921631007957, "count": 884}, "Farmington": {"freq": 0.008640450134289577, "count": 2371}, "Clinton": {"freq": 0.004690113590396746, "count": 1287}, "East Hampton": {"freq": 0.004872324685594755, "count": 1337}, "Enfield": {"freq": 0.010488070639597386, "count": 2878}, "Hamden": {"freq": 0.016894612746759376, "count": 4636}, "Fairfield": {"freq": 0.016063730152656455, "count": 4408}, "Essex": {"freq": 0.002612907105139446, "count": 717}, "Durham": {"freq": 0.0020043220471780967, "count": 550}, "Franklin": {"freq": 0.0006413830550969909, "count": 176}, "Derby": {"freq": 0.0032870881573720786, "count": 902}, "Guilford": {"freq": 0.006781896963269887, "count": 1861}, "Greenwich": {"freq": 0.01637713323639703, "count": 4494}, "Meriden": {"freq": 0.017051314288629663, "count": 4679}, "Groton": {"freq": 0.009146996978940041, "count": 2510}, "Hartford": {"freq": 0.018155513525529597, "count": 4982}, "Harwinton": {"freq": 0.001530573199663274, "count": 420}, "Killingworth": {"freq": 0.001738293848189004, "count": 477}, "Lyme": {"freq": 0.0009183439197979643, "count": 252}, "New Britain": {"freq": 0.015677442630836678, "count": 4302}, "Norwalk": {"freq": 0.02460943051744307, "count": 6753}, "Norfolk": {"freq": 0.0006195177236732299, "count": 170}, "Sherman": {"freq": 0.0014977752025276323, "count": 411}, "Oxford": {"freq": 0.004088816976243317, "count": 1122}, "Stratford": {"freq": 0.017306409821906874, "count": 4749}, "Norwich": {"freq": 0.01262358467531805, "count": 3464}, "Monroe": {"freq": 0.005961947034878848, "count": 1636}, "Newtown": {"freq": 0.0077293946582995335, "count": 2121}, "Naugatuck": {"freq": 0.009409380956025174, "count": 2582}, "North Haven": {"freq": 0.006654349196631281, "count": 1826}, "Orange": {"freq": 0.0035494721344572116, "count": 974}, "New Haven": {"freq": 0.02170862988189077, "count": 5957}, "New London": {"freq": 0.006698079859478803, "count": 1838}, "Plainfield": {"freq": 0.0046536713713571445, "count": 1277}, "Suffield": {"freq": 0.00496707445509772, "count": 1363}, "Preston": {"freq": 0.0016034576377424775, "count": 440}, "West Haven": {"freq": 0.012896901318115063, "count": 3539}, "Stonington": {"freq": 0.006235263677675861, "count": 1711}, "Newington": {"freq": 0.009387515624601413, "count": 2576}, "Vernon": {"freq": 0.008155768621062874, "count": 2238}, "Plainville": {"freq": 0.005612101732098671, "count": 1540}, "Plymouth": {"freq": 0.0036587987915760165, "count": 1004}, "Stafford": {"freq": 0.00414348030480272, "count": 1137}, "Warren": {"freq": 0.0005867197265375883, "count": 161}, "Rocky Hill": {"freq": 0.005510063518787786, "count": 1512}, "Salem": {"freq": 0.0016471883005899995, "count": 452}, "Stamford": {"freq": 0.033490399297394016, "count": 9190}, "Simsbury": {"freq": 0.0072447131450728295, "count": 1988}, "Southbury": {"freq": 0.008046441963944068, "count": 2208}, "Montville": {"freq": 0.005488198187364025, "count": 1506}, "Ansonia": {"freq": 0.0044313738352155735, "count": 1216}, "North Branford": {"freq": 0.003024704180286946, "count": 830}, "East Hartford": {"freq": 0.013315986837070483, "count": 3654}, "Killingly": {"freq": 0.0065012918766649535, "count": 1784}, "Colchester": {"freq": 0.004158057192418561, "count": 1141}, "Milford": {"freq": 0.017160640945748467, "count": 4709}, "Darien": {"freq": 0.006486714989049113, "count": 1780}, "Burlington": {"freq": 0.003239713272620596, "count": 889}, "East Windsor": {"freq": 0.0038993174372373885, "count": 1070}, "Madison": {"freq": 0.00601296614153429, "count": 1650}, "Ellington": {"freq": 0.004460527610447255, "count": 1224}, "East Haven": {"freq": 0.008804440119967786, "count": 2416}, "New Milford": {"freq": 0.009081400984668758, "count": 2492}, "Hebron": {"freq": 0.002521801557540442, "count": 692}, "Ledyard": {"freq": 0.004504258273294777, "count": 1236}, "Bethlehem": {"freq": 0.0008928343664702432, "count": 245}, "Bloomfield": {"freq": 0.005845331933952122, "count": 1604}, "Haddam": {"freq": 0.0023286577966305524, "count": 639}, "Manchester": {"freq": 0.01550980842325451, "count": 4256}, "Brooklyn": {"freq": 0.002540022667060243, "count": 697}, "Bolton": {"freq": 0.0013301409949454642, "count": 365}, "Cheshire": {"freq": 0.00766015444212429, "count": 2102}, "Lebanon": {"freq": 0.0023906095689978754, "count": 656}, "Griswold": {"freq": 0.003494808805897809, "count": 959}, "Kent": {"freq": 0.0012244585597306192, "count": 336}, "East Granby": {"freq": 0.0020772064852573003, "count": 570}, "Easton": {"freq": 0.002361455793766194, "count": 648}, "Mansfield": {"freq": 0.00413983608289876, "count": 1136}, "Ashford": {"freq": 0.0013920927673127872, "count": 382}, "Marlborough": {"freq": 0.001614390303454358, "count": 443}, "Lisbon": {"freq": 0.0010859781273801325, "count": 298}, "Barkhamsted": {"freq": 0.0010786896835722122, "count": 296}, "New Canaan": {"freq": 0.006566887870936237, "count": 1802}, "Colebrook": {"freq": 0.0005867197265375883, "count": 161}, "Tolland": {"freq": 0.004201787855266083, "count": 1153}, "Middlefield": {"freq": 0.0011552183435553757, "count": 317}, "New Hartford": {"freq": 0.002263061802359269, "count": 621}, "New Fairfield": {"freq": 0.004267383849537366, "count": 1171}, "Andover": {"freq": 0.0009365650293177652, "count": 257}, "Chaplin": {"freq": 0.0006122292798653096, "count": 168}, "Columbia": {"freq": 0.0014576887615840703, "count": 400}, "Canton": {"freq": 0.0037790581144067025, "count": 1037}, "Middlebury": {"freq": 0.0022156869176077868, "count": 608}, "Eastford": {"freq": 0.0005757870608257078, "count": 158}, "Hampton": {"freq": 0.0006085850579613494, "count": 167}, "Litchfield": {"freq": 0.0028279161974730967, "count": 776}, "Deep River": {"freq": 0.0013009872197137827, "count": 357}, "Canterbury": {"freq": 0.0014248907644484289, "count": 391}, "Washington": {"freq": 0.0015670154187028757, "count": 430}, "Waterbury": {"freq": 0.029908129165801163, "count": 8207}, "Bethany": {"freq": 0.0015232847558553535, "count": 418}, "Watertown": {"freq": 0.006129581242461016, "count": 1682}, "Canaan": {"freq": 0.0004701046256108627, "count": 129}, "Hartland": {"freq": 0.0004409508503791813, "count": 121}, "Torrington": {"freq": 0.013640322586522938, "count": 3743}, "Westbrook": {"freq": 0.002540022667060243, "count": 697}, "West Hartford": {"freq": 0.020640872864030435, "count": 5664}, "Middletown": {"freq": 0.01201135539545274, "count": 3296}, "Berlin": {"freq": 0.005765159052064999, "count": 1582}, "Glastonbury": {"freq": 0.011457433666050794, "count": 3144}, "Cromwell": {"freq": 0.005014449339849202, "count": 1376}, "Goshen": {"freq": 0.0014759098711038712, "count": 405}, "Granby": {"freq": 0.003276155491660198, "count": 899}, "Bozrah": {"freq": 0.0006158735017692698, "count": 169}, "Morris": {"freq": 0.0008199499283910395, "count": 225}, "Wilton": {"freq": 0.005528284628307587, "count": 1517}, "Winchester": {"freq": 0.003560404800169092, "count": 977}, "Woodstock": {"freq": 0.002926310188880021, "count": 803}, "Bridgewater": {"freq": 0.0005247679541702654, "count": 144}, "Thomaston": {"freq": 0.0023869653470939152, "count": 655},