{"max": 5.0, "min": 1.0, "avg": 2.9879509442153243, "sum": 13765.489999999998, "der": 1.1597518766137134, "count": 4607}